﻿<?xml version="1.0" encoding="UTF-8"?>
<banco xmlns:xsi="http://www.w3.org/2001/XMLSchema-instance" xsi:noNamespaceSchemaLocation="prestamo.xsd">
<Nombre_de_Entidad>LND Prestamos</Nombre_de_Entidad>
<Inicio_de_prestamo>30/02/2020</Inicio_de_prestamo>
<Datos_del_Cliente>
         <idprestamo>758454</idprestamo>
         <nombre>Pepe</nombre>
         <Telefono>928761822</Telefono>
          <Direccion>
          <nombre_calle>Andalucía</nombre_calle>
          <numero>99</numero>
          <piso_y_letra>2</piso_y_letra>
          <cp>45847</cp>
          <localidad>Puerto del Rosario</localidad>
          <provincia>Las Palmas de Gran Canaria</provincia>
          </Direccion>
          </Datos_del_Cliente>
          
<Prestamo>
<num_prestamos>1</num_prestamos>
<concepto>Tener una novia</concepto>
<cantidad>800.00</cantidad>
</Prestamo>


</banco>